name,gender,rolling_win_count,curr_year
Margaret Court,Mujer,11,1975
Billie Jean King,Mujer,9,1975
Rod Laver,Hombre,5,1975
John Newcombe,Hombre,5,1975
Ken Rosewall,Hombre,4,1975
Evonne Goolagong,Mujer,4,1975
Chris Evert,Mujer,4,1975
Jan Kodeš,Hombre,3,1975
Jimmy Connors,Hombre,3,1975
Arthur Ashe,Hombre,3,1975
Margaret Court,Mujer,11,1976
Billie Jean King,Mujer,9,1976
Rod Laver,Hombre,5,1976
John Newcombe,Hombre,5,1976
Evonne Goolagong,Mujer,5,1976
Ken Rosewall,Hombre,4,1976
Chris Evert,Mujer,4,1976
Jan Kodeš,Hombre,3,1976
Jimmy Connors,Hombre,3,1976
Arthur Ashe,Hombre,3,1976
Margaret Court,Mujer,11,1976
Billie Jean King,Mujer,9,1976
Rod Laver,Hombre,5,1976
John Newcombe,Hombre,5,1976
Evonne Goolagong,Mujer,5,1976
Ken Rosewall,Hombre,4,1976
Chris Evert,Mujer,4,1976
Jan Kodeš,Hombre,3,1976
Jimmy Connors,Hombre,3,1976
Arthur Ashe,Hombre,3,1976
Margaret Court,Mujer,11,1976
Billie Jean King,Mujer,9,1976
Rod Laver,Hombre,5,1976
John Newcombe,Hombre,5,1976
Evonne Goolagong,Mujer,5,1976
Chris Evert,Mujer,5,1976
Ken Rosewall,Hombre,4,1976
Jan Kodeš,Hombre,3,1976
Jimmy Connors,Hombre,3,1976
Arthur Ashe,Hombre,3,1976
Margaret Court,Mujer,11,1976
Billie Jean King,Mujer,9,1976
Chris Evert,Mujer,6,1976
Rod Laver,Hombre,5,1976
John Newcombe,Hombre,5,1976
Evonne Goolagong,Mujer,5,1976
Ken Rosewall,Hombre,4,1976
Jimmy Connors,Hombre,4,1976
Jan Kodeš,Hombre,3,1976
Arthur Ashe,Hombre,3,1976
Margaret Court,Mujer,11,1977
Billie Jean King,Mujer,9,1977
Chris Evert,Mujer,6,1977
Evonne Goolagong,Mujer,6,1977
Rod Laver,Hombre,5,1977
John Newcombe,Hombre,5,1977
Ken Rosewall,Hombre,4,1977
Jimmy Connors,Hombre,4,1977
Jan Kodeš,Hombre,3,1977
Arthur Ashe,Hombre,3,1977
Margaret Court,Mujer,11,1977
Billie Jean King,Mujer,9,1977
Chris Evert,Mujer,6,1977
Evonne Goolagong,Mujer,6,1977
Rod Laver,Hombre,5,1977
John Newcombe,Hombre,5,1977
Ken Rosewall,Hombre,4,1977
Jimmy Connors,Hombre,4,1977
Jan Kodeš,Hombre,3,1977
Arthur Ashe,Hombre,3,1977
Margaret Court,Mujer,11,1977
Billie Jean King,Mujer,9,1977
Chris Evert,Mujer,6,1977
Evonne Goolagong,Mujer,6,1977
Rod Laver,Hombre,5,1977
John Newcombe,Hombre,5,1977
Björn Borg,Hombre,5,1977
Ken Rosewall,Hombre,4,1977
Jimmy Connors,Hombre,4,1977
Virginia Wade,Mujer,4,1977
Margaret Court,Mujer,11,1977
Billie Jean King,Mujer,9,1977
Chris Evert,Mujer,8,1977
Evonne Goolagong,Mujer,6,1977
Rod Laver,Hombre,5,1977
John Newcombe,Hombre,5,1977
Björn Borg,Hombre,5,1977
Ken Rosewall,Hombre,4,1977
Jimmy Connors,Hombre,4,1977
Virginia Wade,Mujer,4,1977
Margaret Court,Mujer,11,1978
Billie Jean King,Mujer,9,1978
Chris Evert,Mujer,8,1978
Evonne Goolagong,Mujer,6,1978
Rod Laver,Hombre,5,1978
John Newcombe,Hombre,5,1978
Björn Borg,Hombre,5,1978
Guillermo Vilas,Hombre,5,1978
Ken Rosewall,Hombre,4,1978
Jimmy Connors,Hombre,4,1978
Margaret Court,Mujer,11,1978
Billie Jean King,Mujer,9,1978
Chris Evert,Mujer,8,1978
Evonne Goolagong,Mujer,6,1978
Björn Borg,Hombre,6,1978
Rod Laver,Hombre,5,1978
John Newcombe,Hombre,5,1978
Guillermo Vilas,Hombre,5,1978
Ken Rosewall,Hombre,4,1978
Jimmy Connors,Hombre,4,1978
Margaret Court,Mujer,11,1978
Billie Jean King,Mujer,9,1978
Chris Evert,Mujer,8,1978
Björn Borg,Hombre,7,1978
Evonne Goolagong,Mujer,6,1978
Rod Laver,Hombre,5,1978
John Newcombe,Hombre,5,1978
Guillermo Vilas,Hombre,5,1978
Ken Rosewall,Hombre,4,1978
Jimmy Connors,Hombre,4,1978
Margaret Court,Mujer,11,1978
Billie Jean King,Mujer,9,1978
Chris Evert,Mujer,9,1978
Björn Borg,Hombre,7,1978
Evonne Goolagong,Mujer,6,1978
Rod Laver,Hombre,5,1978
John Newcombe,Hombre,5,1978
Guillermo Vilas,Hombre,5,1978
Jimmy Connors,Hombre,5,1978
Ken Rosewall,Hombre,4,1978
Margaret Court,Mujer,11,1979
Billie Jean King,Mujer,9,1979
Chris Evert,Mujer,9,1979
Björn Borg,Hombre,7,1979
Evonne Goolagong,Mujer,6,1979
Guillermo Vilas,Hombre,6,1979
Rod Laver,Hombre,5,1979
John Newcombe,Hombre,5,1979
Jimmy Connors,Hombre,5,1979
Ken Rosewall,Hombre,4,1979
Margaret Court,Mujer,11,1979
Chris Evert,Mujer,10,1979
Billie Jean King,Mujer,9,1979
Björn Borg,Hombre,8,1979
Evonne Goolagong,Mujer,6,1979
Guillermo Vilas,Hombre,6,1979
Rod Laver,Hombre,5,1979
John Newcombe,Hombre,5,1979
Jimmy Connors,Hombre,5,1979
Ken Rosewall,Hombre,4,1979
Margaret Court,Mujer,11,1979
Chris Evert,Mujer,10,1979
Billie Jean King,Mujer,9,1979
Björn Borg,Hombre,9,1979
Evonne Goolagong,Mujer,6,1979
Guillermo Vilas,Hombre,6,1979
Rod Laver,Hombre,5,1979
John Newcombe,Hombre,5,1979
Jimmy Connors,Hombre,5,1979
Ken Rosewall,Hombre,4,1979
Margaret Court,Mujer,11,1979
Chris Evert,Mujer,10,1979
Billie Jean King,Mujer,9,1979
Björn Borg,Hombre,9,1979
Evonne Goolagong,Mujer,6,1979
Guillermo Vilas,Hombre,6,1979
Rod Laver,Hombre,5,1979
John Newcombe,Hombre,5,1979
Jimmy Connors,Hombre,5,1979
Ken Rosewall,Hombre,4,1979
Margaret Court,Mujer,11,1980
Chris Evert,Mujer,10,1980
Billie Jean King,Mujer,9,1980
Björn Borg,Hombre,9,1980
Evonne Goolagong,Mujer,6,1980
Guillermo Vilas,Hombre,6,1980
Rod Laver,Hombre,5,1980
John Newcombe,Hombre,5,1980
Jimmy Connors,Hombre,5,1980
Ken Rosewall,Hombre,4,1980
Margaret Court,Mujer,11,1980
Chris Evert,Mujer,11,1980
Björn Borg,Hombre,10,1980
Billie Jean King,Mujer,9,1980
Evonne Goolagong,Mujer,6,1980
Guillermo Vilas,Hombre,6,1980
Rod Laver,Hombre,5,1980
John Newcombe,Hombre,5,1980
Jimmy Connors,Hombre,5,1980
Ken Rosewall,Hombre,4,1980
Margaret Court,Mujer,11,1980
Chris Evert,Mujer,11,1980
Björn Borg,Hombre,11,1980
Billie Jean King,Mujer,9,1980
Evonne Goolagong,Mujer,7,1980
Guillermo Vilas,Hombre,6,1980
Rod Laver,Hombre,5,1980
John Newcombe,Hombre,5,1980
Jimmy Connors,Hombre,5,1980
Ken Rosewall,Hombre,4,1980
Chris Evert,Mujer,12,1980
Margaret Court,Mujer,11,1980
Björn Borg,Hombre,11,1980
Billie Jean King,Mujer,9,1980
Evonne Goolagong,Mujer,7,1980
Guillermo Vilas,Hombre,6,1980
Rod Laver,Hombre,5,1980
John Newcombe,Hombre,5,1980
Jimmy Connors,Hombre,5,1980
Ken Rosewall,Hombre,4,1980
Chris Evert,Mujer,12,1981
Margaret Court,Mujer,11,1981
Björn Borg,Hombre,11,1981
Billie Jean King,Mujer,9,1981
Evonne Goolagong,Mujer,7,1981
Guillermo Vilas,Hombre,6,1981
Rod Laver,Hombre,5,1981
John Newcombe,Hombre,5,1981
Jimmy Connors,Hombre,5,1981
Ken Rosewall,Hombre,4,1981
Chris Evert,Mujer,12,1981
Björn Borg,Hombre,12,1981
Margaret Court,Mujer,11,1981
Billie Jean King,Mujer,9,1981
Evonne Goolagong,Mujer,7,1981
Guillermo Vilas,Hombre,6,1981
Rod Laver,Hombre,5,1981
John Newcombe,Hombre,5,1981
Jimmy Connors,Hombre,5,1981
Ken Rosewall,Hombre,4,1981
Chris Evert,Mujer,13,1981
Björn Borg,Hombre,12,1981
Margaret Court,Mujer,11,1981
Billie Jean King,Mujer,9,1981
Evonne Goolagong,Mujer,7,1981
Guillermo Vilas,Hombre,6,1981
Rod Laver,Hombre,5,1981
John Newcombe,Hombre,5,1981
Jimmy Connors,Hombre,5,1981
Ken Rosewall,Hombre,4,1981
Chris Evert,Mujer,13,1981
Björn Borg,Hombre,12,1981
Margaret Court,Mujer,11,1981
Billie Jean King,Mujer,9,1981
Evonne Goolagong,Mujer,7,1981
Guillermo Vilas,Hombre,6,1981
Rod Laver,Hombre,5,1981
John Newcombe,Hombre,5,1981
Jimmy Connors,Hombre,5,1981
Ken Rosewall,Hombre,4,1981
Chris Evert,Mujer,14,1982
Björn Borg,Hombre,12,1982
Margaret Court,Mujer,11,1982
Billie Jean King,Mujer,9,1982
Evonne Goolagong,Mujer,7,1982
Guillermo Vilas,Hombre,6,1982
Rod Laver,Hombre,5,1982
John Newcombe,Hombre,5,1982
Jimmy Connors,Hombre,5,1982
Ken Rosewall,Hombre,4,1982
Chris Evert,Mujer,14,1982
Björn Borg,Hombre,12,1982
Margaret Court,Mujer,11,1982
Billie Jean King,Mujer,9,1982
Evonne Goolagong,Mujer,7,1982
Guillermo Vilas,Hombre,6,1982
Rod Laver,Hombre,5,1982
John Newcombe,Hombre,5,1982
Jimmy Connors,Hombre,5,1982
Ken Rosewall,Hombre,4,1982
Chris Evert,Mujer,14,1982
Björn Borg,Hombre,12,1982
Margaret Court,Mujer,11,1982
Billie Jean King,Mujer,9,1982
Evonne Goolagong,Mujer,7,1982
Guillermo Vilas,Hombre,6,1982
Jimmy Connors,Hombre,6,1982
Rod Laver,Hombre,5,1982
John Newcombe,Hombre,5,1982
Martina Navratilova,Mujer,5,1982
Chris Evert,Mujer,15,1982
Björn Borg,Hombre,12,1982
Margaret Court,Mujer,11,1982
Billie Jean King,Mujer,9,1982
Evonne Goolagong,Mujer,7,1982
Jimmy Connors,Hombre,7,1982
Guillermo Vilas,Hombre,6,1982
Rod Laver,Hombre,5,1982
John Newcombe,Hombre,5,1982
Martina Navratilova,Mujer,5,1982
Chris Evert,Mujer,15,1983
Björn Borg,Hombre,12,1983
Margaret Court,Mujer,11,1983
Billie Jean King,Mujer,9,1983
Evonne Goolagong,Mujer,7,1983
Jimmy Connors,Hombre,7,1983
Guillermo Vilas,Hombre,6,1983
Martina Navratilova,Mujer,6,1983
Rod Laver,Hombre,5,1983
John Newcombe,Hombre,5,1983
Chris Evert,Mujer,16,1983
Björn Borg,Hombre,12,1983
Margaret Court,Mujer,11,1983
Billie Jean King,Mujer,9,1983
Evonne Goolagong,Mujer,7,1983
Jimmy Connors,Hombre,7,1983
Guillermo Vilas,Hombre,6,1983
Martina Navratilova,Mujer,6,1983
Rod Laver,Hombre,5,1983
John Newcombe,Hombre,5,1983
Chris Evert,Mujer,16,1983
Björn Borg,Hombre,12,1983
Margaret Court,Mujer,11,1983
Billie Jean King,Mujer,9,1983
Evonne Goolagong,Mujer,7,1983
Jimmy Connors,Hombre,7,1983
Martina Navratilova,Mujer,7,1983
Guillermo Vilas,Hombre,6,1983
Rod Laver,Hombre,5,1983
John Newcombe,Hombre,5,1983
Chris Evert,Mujer,16,1983
Björn Borg,Hombre,12,1983
Margaret Court,Mujer,11,1983
Billie Jean King,Mujer,9,1983
Martina Navratilova,Mujer,8,1983
Jimmy Connors,Hombre,8,1983
Evonne Goolagong,Mujer,7,1983
Guillermo Vilas,Hombre,6,1983
Rod Laver,Hombre,5,1983
John Newcombe,Hombre,5,1983
Chris Evert,Mujer,17,1984
Björn Borg,Hombre,12,1984
Margaret Court,Mujer,11,1984
Billie Jean King,Mujer,9,1984
Martina Navratilova,Mujer,8,1984
Jimmy Connors,Hombre,8,1984
Evonne Goolagong,Mujer,7,1984
Guillermo Vilas,Hombre,6,1984
Rod Laver,Hombre,5,1984
John Newcombe,Hombre,5,1984
Chris Evert,Mujer,17,1984
Björn Borg,Hombre,12,1984
Margaret Court,Mujer,11,1984
Billie Jean King,Mujer,9,1984
Martina Navratilova,Mujer,9,1984
Jimmy Connors,Hombre,8,1984
Evonne Goolagong,Mujer,7,1984
Guillermo Vilas,Hombre,6,1984
Rod Laver,Hombre,5,1984
John Newcombe,Hombre,5,1984
Chris Evert,Mujer,17,1984
Björn Borg,Hombre,12,1984
Margaret Court,Mujer,11,1984
Martina Navratilova,Mujer,10,1984
Billie Jean King,Mujer,9,1984
Jimmy Connors,Hombre,8,1984
Evonne Goolagong,Mujer,7,1984
Guillermo Vilas,Hombre,6,1984
John McEnroe,Hombre,6,1984
Rod Laver,Hombre,5,1984
Chris Evert,Mujer,17,1984
Björn Borg,Hombre,12,1984
Margaret Court,Mujer,11,1984
Martina Navratilova,Mujer,11,1984
Billie Jean King,Mujer,9,1984
Jimmy Connors,Hombre,8,1984
Evonne Goolagong,Mujer,7,1984
John McEnroe,Hombre,7,1984
Guillermo Vilas,Hombre,6,1984
Rod Laver,Hombre,5,1984
Chris Evert,Mujer,17,1985
Björn Borg,Hombre,12,1985
Martina Navratilova,Mujer,12,1985
Margaret Court,Mujer,11,1985
Billie Jean King,Mujer,9,1985
Jimmy Connors,Hombre,8,1985
Evonne Goolagong,Mujer,7,1985
John McEnroe,Hombre,7,1985
Guillermo Vilas,Hombre,6,1985
Rod Laver,Hombre,5,1985
Chris Evert,Mujer,18,1985
Björn Borg,Hombre,12,1985
Martina Navratilova,Mujer,12,1985
Margaret Court,Mujer,11,1985
Billie Jean King,Mujer,9,1985
Jimmy Connors,Hombre,8,1985
Evonne Goolagong,Mujer,7,1985
John McEnroe,Hombre,7,1985
Guillermo Vilas,Hombre,6,1985
Rod Laver,Hombre,5,1985
Chris Evert,Mujer,18,1985
Martina Navratilova,Mujer,13,1985
Björn Borg,Hombre,12,1985
Margaret Court,Mujer,11,1985
Billie Jean King,Mujer,9,1985
Jimmy Connors,Hombre,8,1985
Evonne Goolagong,Mujer,7,1985
John McEnroe,Hombre,7,1985
Guillermo Vilas,Hombre,6,1985
Rod Laver,Hombre,5,1985
Chris Evert,Mujer,18,1985
Martina Navratilova,Mujer,13,1985
Björn Borg,Hombre,12,1985
Margaret Court,Mujer,11,1985
Billie Jean King,Mujer,9,1985
Jimmy Connors,Hombre,8,1985
Evonne Goolagong,Mujer,7,1985
John McEnroe,Hombre,7,1985
Guillermo Vilas,Hombre,6,1985
Rod Laver,Hombre,5,1985
Chris Evert,Mujer,18,1986
Martina Navratilova,Mujer,13,1986
Björn Borg,Hombre,12,1986
Margaret Court,Mujer,11,1986
Billie Jean King,Mujer,9,1986
Jimmy Connors,Hombre,8,1986
Evonne Goolagong,Mujer,7,1986
John McEnroe,Hombre,7,1986
Guillermo Vilas,Hombre,6,1986
Rod Laver,Hombre,5,1986
Chris Evert,Mujer,19,1986
Martina Navratilova,Mujer,13,1986
Björn Borg,Hombre,12,1986
Margaret Court,Mujer,11,1986
Billie Jean King,Mujer,9,1986
Jimmy Connors,Hombre,8,1986
Evonne Goolagong,Mujer,7,1986
John McEnroe,Hombre,7,1986
Guillermo Vilas,Hombre,6,1986
Rod Laver,Hombre,5,1986
Chris Evert,Mujer,19,1986
Martina Navratilova,Mujer,14,1986
Björn Borg,Hombre,12,1986
Margaret Court,Mujer,11,1986
Billie Jean King,Mujer,9,1986
Jimmy Connors,Hombre,8,1986
Evonne Goolagong,Mujer,7,1986
John McEnroe,Hombre,7,1986
Guillermo Vilas,Hombre,6,1986
Rod Laver,Hombre,5,1986
Chris Evert,Mujer,19,1986
Martina Navratilova,Mujer,15,1986
Björn Borg,Hombre,12,1986
Margaret Court,Mujer,11,1986
Billie Jean King,Mujer,9,1986
Jimmy Connors,Hombre,8,1986
Evonne Goolagong,Mujer,7,1986
John McEnroe,Hombre,7,1986
Guillermo Vilas,Hombre,6,1986
Rod Laver,Hombre,5,1986
Chris Evert,Mujer,19,1987
Martina Navratilova,Mujer,15,1987
Björn Borg,Hombre,12,1987
Margaret Court,Mujer,11,1987
Billie Jean King,Mujer,9,1987
Jimmy Connors,Hombre,8,1987
Evonne Goolagong,Mujer,7,1987
John McEnroe,Hombre,7,1987
Guillermo Vilas,Hombre,6,1987
Rod Laver,Hombre,5,1987
Chris Evert,Mujer,19,1987
Martina Navratilova,Mujer,15,1987
Björn Borg,Hombre,12,1987
Margaret Court,Mujer,11,1987
Billie Jean King,Mujer,9,1987
Jimmy Connors,Hombre,8,1987
Evonne Goolagong,Mujer,7,1987
John McEnroe,Hombre,7,1987
Guillermo Vilas,Hombre,6,1987
Rod Laver,Hombre,5,1987
Chris Evert,Mujer,19,1987
Martina Navratilova,Mujer,16,1987
Björn Borg,Hombre,12,1987
Margaret Court,Mujer,11,1987
Billie Jean King,Mujer,9,1987
Jimmy Connors,Hombre,8,1987
Evonne Goolagong,Mujer,7,1987
John McEnroe,Hombre,7,1987
Guillermo Vilas,Hombre,6,1987
Rod Laver,Hombre,5,1987
Chris Evert,Mujer,19,1987
Martina Navratilova,Mujer,17,1987
Björn Borg,Hombre,12,1987
Margaret Court,Mujer,11,1987
Billie Jean King,Mujer,9,1987
Jimmy Connors,Hombre,8,1987
Evonne Goolagong,Mujer,7,1987
John McEnroe,Hombre,7,1987
Guillermo Vilas,Hombre,6,1987
Ivan Lendl,Hombre,6,1987
Chris Evert,Mujer,19,1988
Martina Navratilova,Mujer,17,1988
Björn Borg,Hombre,12,1988
Margaret Court,Mujer,11,1988
Billie Jean King,Mujer,9,1988
Jimmy Connors,Hombre,8,1988
Evonne Goolagong,Mujer,7,1988
John McEnroe,Hombre,7,1988
Guillermo Vilas,Hombre,6,1988
Ivan Lendl,Hombre,6,1988
Chris Evert,Mujer,19,1988
Martina Navratilova,Mujer,17,1988
Björn Borg,Hombre,12,1988
Margaret Court,Mujer,11,1988
Billie Jean King,Mujer,9,1988
Jimmy Connors,Hombre,8,1988
Evonne Goolagong,Mujer,7,1988
John McEnroe,Hombre,7,1988
Guillermo Vilas,Hombre,6,1988
Ivan Lendl,Hombre,6,1988
Chris Evert,Mujer,19,1988
Martina Navratilova,Mujer,17,1988
Björn Borg,Hombre,12,1988
Margaret Court,Mujer,11,1988
Billie Jean King,Mujer,9,1988
Jimmy Connors,Hombre,8,1988
Evonne Goolagong,Mujer,7,1988
John McEnroe,Hombre,7,1988
Guillermo Vilas,Hombre,6,1988
Ivan Lendl,Hombre,6,1988
Chris Evert,Mujer,19,1988
Martina Navratilova,Mujer,17,1988
Björn Borg,Hombre,12,1988
Margaret Court,Mujer,11,1988
Billie Jean King,Mujer,9,1988
Jimmy Connors,Hombre,8,1988
Evonne Goolagong,Mujer,7,1988
John McEnroe,Hombre,7,1988
Mats Wilander,Hombre,7,1988
Guillermo Vilas,Hombre,6,1988
Chris Evert,Mujer,19,1989
Martina Navratilova,Mujer,17,1989
Björn Borg,Hombre,12,1989
Margaret Court,Mujer,11,1989
Billie Jean King,Mujer,9,1989
Jimmy Connors,Hombre,8,1989
Evonne Goolagong,Mujer,7,1989
John McEnroe,Hombre,7,1989
Mats Wilander,Hombre,7,1989
Ivan Lendl,Hombre,7,1989
Chris Evert,Mujer,19,1989
Martina Navratilova,Mujer,17,1989
Björn Borg,Hombre,12,1989
Margaret Court,Mujer,11,1989
Billie Jean King,Mujer,9,1989
Jimmy Connors,Hombre,8,1989
Evonne Goolagong,Mujer,7,1989
John McEnroe,Hombre,7,1989
Mats Wilander,Hombre,7,1989
Ivan Lendl,Hombre,7,1989
Chris Evert,Mujer,19,1989
Martina Navratilova,Mujer,17,1989
Björn Borg,Hombre,12,1989
Margaret Court,Mujer,11,1989
Billie Jean King,Mujer,9,1989
Jimmy Connors,Hombre,8,1989
Evonne Goolagong,Mujer,7,1989
John McEnroe,Hombre,7,1989
Mats Wilander,Hombre,7,1989
Ivan Lendl,Hombre,7,1989
Chris Evert,Mujer,19,1989
Martina Navratilova,Mujer,17,1989
Björn Borg,Hombre,12,1989
Margaret Court,Mujer,11,1989
Billie Jean King,Mujer,9,1989
Jimmy Connors,Hombre,8,1989
Steffi Graf,Mujer,8,1989
Evonne Goolagong,Mujer,7,1989
John McEnroe,Hombre,7,1989
Mats Wilander,Hombre,7,1989
Chris Evert,Mujer,19,1990
Martina Navratilova,Mujer,17,1990
Björn Borg,Hombre,12,1990
Margaret Court,Mujer,11,1990
Billie Jean King,Mujer,9,1990
Steffi Graf,Mujer,9,1990
Jimmy Connors,Hombre,8,1990
Ivan Lendl,Hombre,8,1990
Evonne Goolagong,Mujer,7,1990
John McEnroe,Hombre,7,1990
Chris Evert,Mujer,19,1990
Martina Navratilova,Mujer,17,1990
Björn Borg,Hombre,12,1990
Margaret Court,Mujer,11,1990
Billie Jean King,Mujer,9,1990
Steffi Graf,Mujer,9,1990
Jimmy Connors,Hombre,8,1990
Ivan Lendl,Hombre,8,1990
Evonne Goolagong,Mujer,7,1990
John McEnroe,Hombre,7,1990
Chris Evert,Mujer,19,1990
Martina Navratilova,Mujer,18,1990
Björn Borg,Hombre,12,1990
Margaret Court,Mujer,11,1990
Billie Jean King,Mujer,9,1990
Steffi Graf,Mujer,9,1990
Jimmy Connors,Hombre,8,1990
Ivan Lendl,Hombre,8,1990
Evonne Goolagong,Mujer,7,1990
John McEnroe,Hombre,7,1990
Chris Evert,Mujer,19,1990
Martina Navratilova,Mujer,18,1990
Björn Borg,Hombre,12,1990
Margaret Court,Mujer,11,1990
Billie Jean King,Mujer,9,1990
Steffi Graf,Mujer,9,1990
Jimmy Connors,Hombre,8,1990
Ivan Lendl,Hombre,8,1990
Evonne Goolagong,Mujer,7,1990
John McEnroe,Hombre,7,1990
Chris Evert,Mujer,19,1991
Martina Navratilova,Mujer,18,1991
Björn Borg,Hombre,12,1991
Margaret Court,Mujer,11,1991
Billie Jean King,Mujer,9,1991
Steffi Graf,Mujer,9,1991
Jimmy Connors,Hombre,8,1991
Ivan Lendl,Hombre,8,1991
Evonne Goolagong,Mujer,7,1991
John McEnroe,Hombre,7,1991
Chris Evert,Mujer,19,1991
Martina Navratilova,Mujer,18,1991
Björn Borg,Hombre,12,1991
Margaret Court,Mujer,11,1991
Billie Jean King,Mujer,9,1991
Steffi Graf,Mujer,9,1991
Jimmy Connors,Hombre,8,1991
Ivan Lendl,Hombre,8,1991
Evonne Goolagong,Mujer,7,1991
John McEnroe,Hombre,7,1991
Chris Evert,Mujer,19,1991
Martina Navratilova,Mujer,18,1991
Björn Borg,Hombre,12,1991
Margaret Court,Mujer,11,1991
Steffi Graf,Mujer,10,1991
Billie Jean King,Mujer,9,1991
Jimmy Connors,Hombre,8,1991
Ivan Lendl,Hombre,8,1991
Evonne Goolagong,Mujer,7,1991
John McEnroe,Hombre,7,1991
Chris Evert,Mujer,19,1991
Martina Navratilova,Mujer,18,1991
Björn Borg,Hombre,12,1991
Margaret Court,Mujer,11,1991
Steffi Graf,Mujer,10,1991
Billie Jean King,Mujer,9,1991
Jimmy Connors,Hombre,8,1991
Ivan Lendl,Hombre,8,1991
Evonne Goolagong,Mujer,7,1991
John McEnroe,Hombre,7,1991
Chris Evert,Mujer,19,1992
Martina Navratilova,Mujer,18,1992
Björn Borg,Hombre,12,1992
Margaret Court,Mujer,11,1992
Steffi Graf,Mujer,10,1992
Billie Jean King,Mujer,9,1992
Jimmy Connors,Hombre,8,1992
Ivan Lendl,Hombre,8,1992
Evonne Goolagong,Mujer,7,1992
John McEnroe,Hombre,7,1992
Chris Evert,Mujer,19,1992
Martina Navratilova,Mujer,18,1992
Björn Borg,Hombre,12,1992
Margaret Court,Mujer,11,1992
Steffi Graf,Mujer,10,1992
Billie Jean King,Mujer,9,1992
Jimmy Connors,Hombre,8,1992
Ivan Lendl,Hombre,8,1992
Evonne Goolagong,Mujer,7,1992
John McEnroe,Hombre,7,1992
Chris Evert,Mujer,19,1992
Martina Navratilova,Mujer,18,1992
Björn Borg,Hombre,12,1992
Margaret Court,Mujer,11,1992
Steffi Graf,Mujer,11,1992
Billie Jean King,Mujer,9,1992
Jimmy Connors,Hombre,8,1992
Ivan Lendl,Hombre,8,1992
Evonne Goolagong,Mujer,7,1992
John McEnroe,Hombre,7,1992
Chris Evert,Mujer,19,1992
Martina Navratilova,Mujer,18,1992
Björn Borg,Hombre,12,1992
Margaret Court,Mujer,11,1992
Steffi Graf,Mujer,11,1992
Billie Jean King,Mujer,9,1992
Jimmy Connors,Hombre,8,1992
Ivan Lendl,Hombre,8,1992
Evonne Goolagong,Mujer,7,1992
John McEnroe,Hombre,7,1992
Chris Evert,Mujer,19,1993
Martina Navratilova,Mujer,18,1993
Björn Borg,Hombre,12,1993
Margaret Court,Mujer,11,1993
Steffi Graf,Mujer,11,1993
Billie Jean King,Mujer,9,1993
Jimmy Connors,Hombre,8,1993
Ivan Lendl,Hombre,8,1993
Monica Seles,Mujer,8,1993
Evonne Goolagong,Mujer,7,1993
Chris Evert,Mujer,19,1993
Martina Navratilova,Mujer,18,1993
Björn Borg,Hombre,12,1993
Steffi Graf,Mujer,12,1993
Margaret Court,Mujer,11,1993
Billie Jean King,Mujer,9,1993
Jimmy Connors,Hombre,8,1993
Ivan Lendl,Hombre,8,1993
Monica Seles,Mujer,8,1993
Evonne Goolagong,Mujer,7,1993
Chris Evert,Mujer,19,1993
Martina Navratilova,Mujer,18,1993
Steffi Graf,Mujer,13,1993
Björn Borg,Hombre,12,1993
Margaret Court,Mujer,11,1993
Billie Jean King,Mujer,9,1993
Jimmy Connors,Hombre,8,1993
Ivan Lendl,Hombre,8,1993
Monica Seles,Mujer,8,1993
Evonne Goolagong,Mujer,7,1993
Chris Evert,Mujer,19,1993
Martina Navratilova,Mujer,18,1993
Steffi Graf,Mujer,14,1993
Björn Borg,Hombre,12,1993
Margaret Court,Mujer,11,1993
Billie Jean King,Mujer,9,1993
Jimmy Connors,Hombre,8,1993
Ivan Lendl,Hombre,8,1993
Monica Seles,Mujer,8,1993
Evonne Goolagong,Mujer,7,1993
Chris Evert,Mujer,19,1994
Martina Navratilova,Mujer,18,1994
Steffi Graf,Mujer,15,1994
Björn Borg,Hombre,12,1994
Margaret Court,Mujer,11,1994
Billie Jean King,Mujer,9,1994
Jimmy Connors,Hombre,8,1994
Ivan Lendl,Hombre,8,1994
Monica Seles,Mujer,8,1994
Evonne Goolagong,Mujer,7,1994
Chris Evert,Mujer,19,1994
Martina Navratilova,Mujer,18,1994
Steffi Graf,Mujer,15,1994
Björn Borg,Hombre,12,1994
Margaret Court,Mujer,11,1994
Billie Jean King,Mujer,9,1994
Jimmy Connors,Hombre,8,1994
Ivan Lendl,Hombre,8,1994
Monica Seles,Mujer,8,1994
Evonne Goolagong,Mujer,7,1994
Chris Evert,Mujer,19,1994
Martina Navratilova,Mujer,18,1994
Steffi Graf,Mujer,15,1994
Björn Borg,Hombre,12,1994
Margaret Court,Mujer,11,1994
Billie Jean King,Mujer,9,1994
Jimmy Connors,Hombre,8,1994
Ivan Lendl,Hombre,8,1994
Monica Seles,Mujer,8,1994
Evonne Goolagong,Mujer,7,1994
Chris Evert,Mujer,19,1994
Martina Navratilova,Mujer,18,1994
Steffi Graf,Mujer,15,1994
Björn Borg,Hombre,12,1994
Margaret Court,Mujer,11,1994
Billie Jean King,Mujer,9,1994
Jimmy Connors,Hombre,8,1994
Ivan Lendl,Hombre,8,1994
Monica Seles,Mujer,8,1994
Evonne Goolagong,Mujer,7,1994
Chris Evert,Mujer,19,1995
Martina Navratilova,Mujer,18,1995
Steffi Graf,Mujer,15,1995
Björn Borg,Hombre,12,1995
Margaret Court,Mujer,11,1995
Billie Jean King,Mujer,9,1995
Jimmy Connors,Hombre,8,1995
Ivan Lendl,Hombre,8,1995
Monica Seles,Mujer,8,1995
Evonne Goolagong,Mujer,7,1995
Chris Evert,Mujer,19,1995
Martina Navratilova,Mujer,18,1995
Steffi Graf,Mujer,16,1995
Björn Borg,Hombre,12,1995
Margaret Court,Mujer,11,1995
Billie Jean King,Mujer,9,1995
Jimmy Connors,Hombre,8,1995
Ivan Lendl,Hombre,8,1995
Monica Seles,Mujer,8,1995
Evonne Goolagong,Mujer,7,1995
Chris Evert,Mujer,19,1995
Martina Navratilova,Mujer,18,1995
Steffi Graf,Mujer,17,1995
Björn Borg,Hombre,12,1995
Margaret Court,Mujer,11,1995
Billie Jean King,Mujer,9,1995
Jimmy Connors,Hombre,8,1995
Ivan Lendl,Hombre,8,1995
Monica Seles,Mujer,8,1995
Evonne Goolagong,Mujer,7,1995
Chris Evert,Mujer,19,1995
Martina Navratilova,Mujer,18,1995
Steffi Graf,Mujer,18,1995
Björn Borg,Hombre,12,1995
Margaret Court,Mujer,11,1995
Billie Jean King,Mujer,9,1995
Jimmy Connors,Hombre,8,1995
Ivan Lendl,Hombre,8,1995
Monica Seles,Mujer,8,1995
Evonne Goolagong,Mujer,7,1995
Chris Evert,Mujer,19,1996
Martina Navratilova,Mujer,18,1996
Steffi Graf,Mujer,18,1996
Björn Borg,Hombre,12,1996
Margaret Court,Mujer,11,1996
Billie Jean King,Mujer,9,1996
Monica Seles,Mujer,9,1996
Jimmy Connors,Hombre,8,1996
Ivan Lendl,Hombre,8,1996
Evonne Goolagong,Mujer,7,1996
Chris Evert,Mujer,19,1996
Steffi Graf,Mujer,19,1996
Martina Navratilova,Mujer,18,1996
Björn Borg,Hombre,12,1996
Margaret Court,Mujer,11,1996
Billie Jean King,Mujer,9,1996
Monica Seles,Mujer,9,1996
Jimmy Connors,Hombre,8,1996
Ivan Lendl,Hombre,8,1996
Evonne Goolagong,Mujer,7,1996
Steffi Graf,Mujer,20,1996
Chris Evert,Mujer,19,1996
Martina Navratilova,Mujer,18,1996
Björn Borg,Hombre,12,1996
Margaret Court,Mujer,11,1996
Billie Jean King,Mujer,9,1996
Monica Seles,Mujer,9,1996
Jimmy Connors,Hombre,8,1996
Ivan Lendl,Hombre,8,1996
Evonne Goolagong,Mujer,7,1996
Steffi Graf,Mujer,21,1996
Chris Evert,Mujer,19,1996
Martina Navratilova,Mujer,18,1996
Björn Borg,Hombre,12,1996
Margaret Court,Mujer,11,1996
Billie Jean King,Mujer,9,1996
Monica Seles,Mujer,9,1996
Jimmy Connors,Hombre,8,1996
Ivan Lendl,Hombre,8,1996
Pete Sampras,Hombre,8,1996
Steffi Graf,Mujer,21,1997
Chris Evert,Mujer,19,1997
Martina Navratilova,Mujer,18,1997
Björn Borg,Hombre,12,1997
Margaret Court,Mujer,11,1997
Billie Jean King,Mujer,9,1997
Monica Seles,Mujer,9,1997
Pete Sampras,Hombre,9,1997
Jimmy Connors,Hombre,8,1997
Ivan Lendl,Hombre,8,1997
Steffi Graf,Mujer,21,1997
Chris Evert,Mujer,19,1997
Martina Navratilova,Mujer,18,1997
Björn Borg,Hombre,12,1997
Margaret Court,Mujer,11,1997
Billie Jean King,Mujer,9,1997
Monica Seles,Mujer,9,1997
Pete Sampras,Hombre,9,1997
Jimmy Connors,Hombre,8,1997
Ivan Lendl,Hombre,8,1997
Steffi Graf,Mujer,21,1997
Chris Evert,Mujer,19,1997
Martina Navratilova,Mujer,18,1997
Björn Borg,Hombre,12,1997
Margaret Court,Mujer,11,1997
Pete Sampras,Hombre,10,1997
Billie Jean King,Mujer,9,1997
Monica Seles,Mujer,9,1997
Jimmy Connors,Hombre,8,1997
Ivan Lendl,Hombre,8,1997
Steffi Graf,Mujer,21,1997
Chris Evert,Mujer,19,1997
Martina Navratilova,Mujer,18,1997
Björn Borg,Hombre,12,1997
Margaret Court,Mujer,11,1997
Pete Sampras,Hombre,10,1997
Billie Jean King,Mujer,9,1997
Monica Seles,Mujer,9,1997
Jimmy Connors,Hombre,8,1997
Ivan Lendl,Hombre,8,1997
Steffi Graf,Mujer,21,1998
Chris Evert,Mujer,19,1998
Martina Navratilova,Mujer,18,1998
Björn Borg,Hombre,12,1998
Margaret Court,Mujer,11,1998
Pete Sampras,Hombre,10,1998
Billie Jean King,Mujer,9,1998
Monica Seles,Mujer,9,1998
Jimmy Connors,Hombre,8,1998
Ivan Lendl,Hombre,8,1998
Steffi Graf,Mujer,21,1998
Chris Evert,Mujer,19,1998
Martina Navratilova,Mujer,18,1998
Björn Borg,Hombre,12,1998
Margaret Court,Mujer,11,1998
Pete Sampras,Hombre,10,1998
Billie Jean King,Mujer,9,1998
Monica Seles,Mujer,9,1998
Jimmy Connors,Hombre,8,1998
Ivan Lendl,Hombre,8,1998
Steffi Graf,Mujer,21,1998
Chris Evert,Mujer,19,1998
Martina Navratilova,Mujer,18,1998
Björn Borg,Hombre,12,1998
Margaret Court,Mujer,11,1998
Pete Sampras,Hombre,11,1998
Billie Jean King,Mujer,9,1998
Monica Seles,Mujer,9,1998
Jimmy Connors,Hombre,8,1998
Ivan Lendl,Hombre,8,1998
Steffi Graf,Mujer,21,1998
Chris Evert,Mujer,19,1998
Martina Navratilova,Mujer,18,1998
Björn Borg,Hombre,12,1998
Margaret Court,Mujer,11,1998
Pete Sampras,Hombre,11,1998
Billie Jean King,Mujer,9,1998
Monica Seles,Mujer,9,1998
Jimmy Connors,Hombre,8,1998
Ivan Lendl,Hombre,8,1998
Steffi Graf,Mujer,21,1999
Chris Evert,Mujer,19,1999
Martina Navratilova,Mujer,18,1999
Björn Borg,Hombre,12,1999
Margaret Court,Mujer,11,1999
Pete Sampras,Hombre,11,1999
Billie Jean King,Mujer,9,1999
Monica Seles,Mujer,9,1999
Jimmy Connors,Hombre,8,1999
Ivan Lendl,Hombre,8,1999
Steffi Graf,Mujer,22,1999
Chris Evert,Mujer,19,1999
Martina Navratilova,Mujer,18,1999
Björn Borg,Hombre,12,1999
Margaret Court,Mujer,11,1999
Pete Sampras,Hombre,11,1999
Billie Jean King,Mujer,9,1999
Monica Seles,Mujer,9,1999
Jimmy Connors,Hombre,8,1999
Ivan Lendl,Hombre,8,1999
Steffi Graf,Mujer,22,1999
Chris Evert,Mujer,19,1999
Martina Navratilova,Mujer,18,1999
Björn Borg,Hombre,12,1999
Pete Sampras,Hombre,12,1999
Margaret Court,Mujer,11,1999
Billie Jean King,Mujer,9,1999
Monica Seles,Mujer,9,1999
Jimmy Connors,Hombre,8,1999
Ivan Lendl,Hombre,8,1999
Steffi Graf,Mujer,22,1999
Chris Evert,Mujer,19,1999
Martina Navratilova,Mujer,18,1999
Björn Borg,Hombre,12,1999
Pete Sampras,Hombre,12,1999
Margaret Court,Mujer,11,1999
Billie Jean King,Mujer,9,1999
Monica Seles,Mujer,9,1999
Jimmy Connors,Hombre,8,1999
Ivan Lendl,Hombre,8,1999
Steffi Graf,Mujer,22,2000
Chris Evert,Mujer,19,2000
Martina Navratilova,Mujer,18,2000
Björn Borg,Hombre,12,2000
Pete Sampras,Hombre,12,2000
Margaret Court,Mujer,11,2000
Billie Jean King,Mujer,9,2000
Monica Seles,Mujer,9,2000
Jimmy Connors,Hombre,8,2000
Ivan Lendl,Hombre,8,2000
Steffi Graf,Mujer,22,2000
Chris Evert,Mujer,19,2000
Martina Navratilova,Mujer,18,2000
Björn Borg,Hombre,12,2000
Pete Sampras,Hombre,12,2000
Margaret Court,Mujer,11,2000
Billie Jean King,Mujer,9,2000
Monica Seles,Mujer,9,2000
Jimmy Connors,Hombre,8,2000
Ivan Lendl,Hombre,8,2000
Steffi Graf,Mujer,22,2000
Chris Evert,Mujer,19,2000
Martina Navratilova,Mujer,18,2000
Pete Sampras,Hombre,13,2000
Björn Borg,Hombre,12,2000
Margaret Court,Mujer,11,2000
Billie Jean King,Mujer,9,2000
Monica Seles,Mujer,9,2000
Jimmy Connors,Hombre,8,2000
Ivan Lendl,Hombre,8,2000
Steffi Graf,Mujer,22,2000
Chris Evert,Mujer,19,2000
Martina Navratilova,Mujer,18,2000
Pete Sampras,Hombre,13,2000
Björn Borg,Hombre,12,2000
Margaret Court,Mujer,11,2000
Billie Jean King,Mujer,9,2000
Monica Seles,Mujer,9,2000
Jimmy Connors,Hombre,8,2000
Ivan Lendl,Hombre,8,2000
Steffi Graf,Mujer,22,2001
Chris Evert,Mujer,19,2001
Martina Navratilova,Mujer,18,2001
Pete Sampras,Hombre,13,2001
Björn Borg,Hombre,12,2001
Margaret Court,Mujer,11,2001
Billie Jean King,Mujer,9,2001
Monica Seles,Mujer,9,2001
Jimmy Connors,Hombre,8,2001
Ivan Lendl,Hombre,8,2001
Steffi Graf,Mujer,22,2001
Chris Evert,Mujer,19,2001
Martina Navratilova,Mujer,18,2001
Pete Sampras,Hombre,13,2001
Björn Borg,Hombre,12,2001
Margaret Court,Mujer,11,2001
Billie Jean King,Mujer,9,2001
Monica Seles,Mujer,9,2001
Jimmy Connors,Hombre,8,2001
Ivan Lendl,Hombre,8,2001
Steffi Graf,Mujer,22,2001
Chris Evert,Mujer,19,2001
Martina Navratilova,Mujer,18,2001
Pete Sampras,Hombre,13,2001
Björn Borg,Hombre,12,2001
Margaret Court,Mujer,11,2001
Billie Jean King,Mujer,9,2001
Monica Seles,Mujer,9,2001
Jimmy Connors,Hombre,8,2001
Ivan Lendl,Hombre,8,2001
Steffi Graf,Mujer,22,2001
Chris Evert,Mujer,19,2001
Martina Navratilova,Mujer,18,2001
Pete Sampras,Hombre,13,2001
Björn Borg,Hombre,12,2001
Margaret Court,Mujer,11,2001
Billie Jean King,Mujer,9,2001
Monica Seles,Mujer,9,2001
Jimmy Connors,Hombre,8,2001
Ivan Lendl,Hombre,8,2001
Steffi Graf,Mujer,22,2002
Chris Evert,Mujer,19,2002
Martina Navratilova,Mujer,18,2002
Pete Sampras,Hombre,13,2002
Björn Borg,Hombre,12,2002
Margaret Court,Mujer,11,2002
Billie Jean King,Mujer,9,2002
Monica Seles,Mujer,9,2002
Jimmy Connors,Hombre,8,2002
Ivan Lendl,Hombre,8,2002
Steffi Graf,Mujer,22,2002
Chris Evert,Mujer,19,2002
Martina Navratilova,Mujer,18,2002
Pete Sampras,Hombre,13,2002
Björn Borg,Hombre,12,2002
Margaret Court,Mujer,11,2002
Billie Jean King,Mujer,9,2002
Monica Seles,Mujer,9,2002
Jimmy Connors,Hombre,8,2002
Ivan Lendl,Hombre,8,2002
Steffi Graf,Mujer,22,2002
Chris Evert,Mujer,19,2002
Martina Navratilova,Mujer,18,2002
Pete Sampras,Hombre,13,2002
Björn Borg,Hombre,12,2002
Margaret Court,Mujer,11,2002
Billie Jean King,Mujer,9,2002
Monica Seles,Mujer,9,2002
Jimmy Connors,Hombre,8,2002
Ivan Lendl,Hombre,8,2002
Steffi Graf,Mujer,22,2002
Chris Evert,Mujer,19,2002
Martina Navratilova,Mujer,18,2002
Pete Sampras,Hombre,14,2002
Björn Borg,Hombre,12,2002
Margaret Court,Mujer,11,2002
Billie Jean King,Mujer,9,2002
Monica Seles,Mujer,9,2002
Jimmy Connors,Hombre,8,2002
Ivan Lendl,Hombre,8,2002
Steffi Graf,Mujer,22,2003
Chris Evert,Mujer,19,2003
Martina Navratilova,Mujer,18,2003
Pete Sampras,Hombre,14,2003
Björn Borg,Hombre,12,2003
Margaret Court,Mujer,11,2003
Billie Jean King,Mujer,9,2003
Monica Seles,Mujer,9,2003
Jimmy Connors,Hombre,8,2003
Ivan Lendl,Hombre,8,2003
Steffi Graf,Mujer,22,2003
Chris Evert,Mujer,19,2003
Martina Navratilova,Mujer,18,2003
Pete Sampras,Hombre,14,2003
Björn Borg,Hombre,12,2003
Margaret Court,Mujer,11,2003
Billie Jean King,Mujer,9,2003
Monica Seles,Mujer,9,2003
Jimmy Connors,Hombre,8,2003
Ivan Lendl,Hombre,8,2003
Steffi Graf,Mujer,22,2003
Chris Evert,Mujer,19,2003
Martina Navratilova,Mujer,18,2003
Pete Sampras,Hombre,14,2003
Björn Borg,Hombre,12,2003
Margaret Court,Mujer,11,2003
Billie Jean King,Mujer,9,2003
Monica Seles,Mujer,9,2003
Jimmy Connors,Hombre,8,2003
Ivan Lendl,Hombre,8,2003
Steffi Graf,Mujer,22,2003
Chris Evert,Mujer,19,2003
Martina Navratilova,Mujer,18,2003
Pete Sampras,Hombre,14,2003
Björn Borg,Hombre,12,2003
Margaret Court,Mujer,11,2003
Billie Jean King,Mujer,9,2003
Monica Seles,Mujer,9,2003
Jimmy Connors,Hombre,8,2003
Ivan Lendl,Hombre,8,2003
Steffi Graf,Mujer,22,2004
Chris Evert,Mujer,19,2004
Martina Navratilova,Mujer,18,2004
Pete Sampras,Hombre,14,2004
Björn Borg,Hombre,12,2004
Margaret Court,Mujer,11,2004
Billie Jean King,Mujer,9,2004
Monica Seles,Mujer,9,2004
Jimmy Connors,Hombre,8,2004
Ivan Lendl,Hombre,8,2004
Steffi Graf,Mujer,22,2004
Chris Evert,Mujer,19,2004
Martina Navratilova,Mujer,18,2004
Pete Sampras,Hombre,14,2004
Björn Borg,Hombre,12,2004
Margaret Court,Mujer,11,2004
Billie Jean King,Mujer,9,2004
Monica Seles,Mujer,9,2004
Jimmy Connors,Hombre,8,2004
Ivan Lendl,Hombre,8,2004
Steffi Graf,Mujer,22,2004
Chris Evert,Mujer,19,2004
Martina Navratilova,Mujer,18,2004
Pete Sampras,Hombre,14,2004
Björn Borg,Hombre,12,2004
Margaret Court,Mujer,11,2004
Billie Jean King,Mujer,9,2004
Monica Seles,Mujer,9,2004
Jimmy Connors,Hombre,8,2004
Ivan Lendl,Hombre,8,2004
Steffi Graf,Mujer,22,2004
Chris Evert,Mujer,19,2004
Martina Navratilova,Mujer,18,2004
Pete Sampras,Hombre,14,2004
Björn Borg,Hombre,12,2004
Margaret Court,Mujer,11,2004
Billie Jean King,Mujer,9,2004
Monica Seles,Mujer,9,2004
Jimmy Connors,Hombre,8,2004
Ivan Lendl,Hombre,8,2004
Steffi Graf,Mujer,22,2005
Chris Evert,Mujer,19,2005
Martina Navratilova,Mujer,18,2005
Pete Sampras,Hombre,14,2005
Björn Borg,Hombre,12,2005
Margaret Court,Mujer,11,2005
Billie Jean King,Mujer,9,2005
Monica Seles,Mujer,9,2005
Jimmy Connors,Hombre,8,2005
Ivan Lendl,Hombre,8,2005
Steffi Graf,Mujer,22,2005
Chris Evert,Mujer,19,2005
Martina Navratilova,Mujer,18,2005
Pete Sampras,Hombre,14,2005
Björn Borg,Hombre,12,2005
Margaret Court,Mujer,11,2005
Billie Jean King,Mujer,9,2005
Monica Seles,Mujer,9,2005
Jimmy Connors,Hombre,8,2005
Ivan Lendl,Hombre,8,2005
Steffi Graf,Mujer,22,2005
Chris Evert,Mujer,19,2005
Martina Navratilova,Mujer,18,2005
Pete Sampras,Hombre,14,2005
Björn Borg,Hombre,12,2005
Margaret Court,Mujer,11,2005
Billie Jean King,Mujer,9,2005
Monica Seles,Mujer,9,2005
Jimmy Connors,Hombre,8,2005
Ivan Lendl,Hombre,8,2005
Steffi Graf,Mujer,22,2005
Chris Evert,Mujer,19,2005
Martina Navratilova,Mujer,18,2005
Pete Sampras,Hombre,14,2005
Björn Borg,Hombre,12,2005
Margaret Court,Mujer,11,2005
Billie Jean King,Mujer,9,2005
Monica Seles,Mujer,9,2005
Jimmy Connors,Hombre,8,2005
Ivan Lendl,Hombre,8,2005
Steffi Graf,Mujer,22,2006
Chris Evert,Mujer,19,2006
Martina Navratilova,Mujer,18,2006
Pete Sampras,Hombre,14,2006
Björn Borg,Hombre,12,2006
Margaret Court,Mujer,11,2006
Billie Jean King,Mujer,9,2006
Monica Seles,Mujer,9,2006
Jimmy Connors,Hombre,8,2006
Ivan Lendl,Hombre,8,2006
Steffi Graf,Mujer,22,2006
Chris Evert,Mujer,19,2006
Martina Navratilova,Mujer,18,2006
Pete Sampras,Hombre,14,2006
Björn Borg,Hombre,12,2006
Margaret Court,Mujer,11,2006
Billie Jean King,Mujer,9,2006
Monica Seles,Mujer,9,2006
Jimmy Connors,Hombre,8,2006
Ivan Lendl,Hombre,8,2006
Steffi Graf,Mujer,22,2006
Chris Evert,Mujer,19,2006
Martina Navratilova,Mujer,18,2006
Pete Sampras,Hombre,14,2006
Björn Borg,Hombre,12,2006
Margaret Court,Mujer,11,2006
Billie Jean King,Mujer,9,2006
Monica Seles,Mujer,9,2006
Jimmy Connors,Hombre,8,2006
Ivan Lendl,Hombre,8,2006
Steffi Graf,Mujer,22,2006
Chris Evert,Mujer,19,2006
Martina Navratilova,Mujer,18,2006
Pete Sampras,Hombre,14,2006
Björn Borg,Hombre,12,2006
Margaret Court,Mujer,11,2006
Billie Jean King,Mujer,9,2006
Monica Seles,Mujer,9,2006
Roger Federer,Hombre,9,2006
Jimmy Connors,Hombre,8,2006
Steffi Graf,Mujer,22,2007
Chris Evert,Mujer,19,2007
Martina Navratilova,Mujer,18,2007
Pete Sampras,Hombre,14,2007
Björn Borg,Hombre,12,2007
Margaret Court,Mujer,11,2007
Roger Federer,Hombre,10,2007
Billie Jean King,Mujer,9,2007
Monica Seles,Mujer,9,2007
Jimmy Connors,Hombre,8,2007
Steffi Graf,Mujer,22,2007
Chris Evert,Mujer,19,2007
Martina Navratilova,Mujer,18,2007
Pete Sampras,Hombre,14,2007
Björn Borg,Hombre,12,2007
Margaret Court,Mujer,11,2007
Roger Federer,Hombre,10,2007
Billie Jean King,Mujer,9,2007
Monica Seles,Mujer,9,2007
Jimmy Connors,Hombre,8,2007
Steffi Graf,Mujer,22,2007
Chris Evert,Mujer,19,2007
Martina Navratilova,Mujer,18,2007
Pete Sampras,Hombre,14,2007
Björn Borg,Hombre,12,2007
Margaret Court,Mujer,11,2007
Roger Federer,Hombre,11,2007
Billie Jean King,Mujer,9,2007
Monica Seles,Mujer,9,2007
Jimmy Connors,Hombre,8,2007
Steffi Graf,Mujer,22,2007
Chris Evert,Mujer,19,2007
Martina Navratilova,Mujer,18,2007
Pete Sampras,Hombre,14,2007
Björn Borg,Hombre,12,2007
Roger Federer,Hombre,12,2007
Margaret Court,Mujer,11,2007
Billie Jean King,Mujer,9,2007
Monica Seles,Mujer,9,2007
Jimmy Connors,Hombre,8,2007
Steffi Graf,Mujer,22,2008
Chris Evert,Mujer,19,2008
Martina Navratilova,Mujer,18,2008
Pete Sampras,Hombre,14,2008
Björn Borg,Hombre,12,2008
Roger Federer,Hombre,12,2008
Margaret Court,Mujer,11,2008
Billie Jean King,Mujer,9,2008
Monica Seles,Mujer,9,2008
Jimmy Connors,Hombre,8,2008
Steffi Graf,Mujer,22,2008
Chris Evert,Mujer,19,2008
Martina Navratilova,Mujer,18,2008
Pete Sampras,Hombre,14,2008
Björn Borg,Hombre,12,2008
Roger Federer,Hombre,12,2008
Margaret Court,Mujer,11,2008
Billie Jean King,Mujer,9,2008
Monica Seles,Mujer,9,2008
Jimmy Connors,Hombre,8,2008
Steffi Graf,Mujer,22,2008
Chris Evert,Mujer,19,2008
Martina Navratilova,Mujer,18,2008
Pete Sampras,Hombre,14,2008
Björn Borg,Hombre,12,2008
Roger Federer,Hombre,12,2008
Margaret Court,Mujer,11,2008
Billie Jean King,Mujer,9,2008
Monica Seles,Mujer,9,2008
Jimmy Connors,Hombre,8,2008
Steffi Graf,Mujer,22,2008
Chris Evert,Mujer,19,2008
Martina Navratilova,Mujer,18,2008
Pete Sampras,Hombre,14,2008
Roger Federer,Hombre,13,2008
Björn Borg,Hombre,12,2008
Margaret Court,Mujer,11,2008
Billie Jean King,Mujer,9,2008
Monica Seles,Mujer,9,2008
Serena Williams,Mujer,9,2008
Steffi Graf,Mujer,22,2009
Chris Evert,Mujer,19,2009
Martina Navratilova,Mujer,18,2009
Pete Sampras,Hombre,14,2009
Roger Federer,Hombre,13,2009
Björn Borg,Hombre,12,2009
Margaret Court,Mujer,11,2009
Serena Williams,Mujer,10,2009
Billie Jean King,Mujer,9,2009
Monica Seles,Mujer,9,2009
Steffi Graf,Mujer,22,2009
Chris Evert,Mujer,19,2009
Martina Navratilova,Mujer,18,2009
Pete Sampras,Hombre,14,2009
Roger Federer,Hombre,14,2009
Björn Borg,Hombre,12,2009
Margaret Court,Mujer,11,2009
Serena Williams,Mujer,10,2009
Billie Jean King,Mujer,9,2009
Monica Seles,Mujer,9,2009
Steffi Graf,Mujer,22,2009
Chris Evert,Mujer,19,2009
Martina Navratilova,Mujer,18,2009
Roger Federer,Hombre,15,2009
Pete Sampras,Hombre,14,2009
Björn Borg,Hombre,12,2009
Margaret Court,Mujer,11,2009
Serena Williams,Mujer,11,2009
Billie Jean King,Mujer,9,2009
Monica Seles,Mujer,9,2009
Steffi Graf,Mujer,22,2009
Chris Evert,Mujer,19,2009
Martina Navratilova,Mujer,18,2009
Roger Federer,Hombre,15,2009
Pete Sampras,Hombre,14,2009
Björn Borg,Hombre,12,2009
Margaret Court,Mujer,11,2009
Serena Williams,Mujer,11,2009
Billie Jean King,Mujer,9,2009
Monica Seles,Mujer,9,2009
Steffi Graf,Mujer,22,2010
Chris Evert,Mujer,19,2010
Martina Navratilova,Mujer,18,2010
Roger Federer,Hombre,16,2010
Pete Sampras,Hombre,14,2010
Björn Borg,Hombre,12,2010
Serena Williams,Mujer,12,2010
Margaret Court,Mujer,11,2010
Billie Jean King,Mujer,9,2010
Monica Seles,Mujer,9,2010
Steffi Graf,Mujer,22,2010
Chris Evert,Mujer,19,2010
Martina Navratilova,Mujer,18,2010
Roger Federer,Hombre,16,2010
Pete Sampras,Hombre,14,2010
Björn Borg,Hombre,12,2010
Serena Williams,Mujer,12,2010
Margaret Court,Mujer,11,2010
Billie Jean King,Mujer,9,2010
Monica Seles,Mujer,9,2010
Steffi Graf,Mujer,22,2010
Chris Evert,Mujer,19,2010
Martina Navratilova,Mujer,18,2010
Roger Federer,Hombre,16,2010
Pete Sampras,Hombre,14,2010
Serena Williams,Mujer,13,2010
Björn Borg,Hombre,12,2010
Margaret Court,Mujer,11,2010
Billie Jean King,Mujer,9,2010
Monica Seles,Mujer,9,2010
Steffi Graf,Mujer,22,2010
Chris Evert,Mujer,19,2010
Martina Navratilova,Mujer,18,2010
Roger Federer,Hombre,16,2010
Pete Sampras,Hombre,14,2010
Serena Williams,Mujer,13,2010
Björn Borg,Hombre,12,2010
Margaret Court,Mujer,11,2010
Billie Jean King,Mujer,9,2010
Monica Seles,Mujer,9,2010
Steffi Graf,Mujer,22,2011
Chris Evert,Mujer,19,2011
Martina Navratilova,Mujer,18,2011
Roger Federer,Hombre,16,2011
Pete Sampras,Hombre,14,2011
Serena Williams,Mujer,13,2011
Björn Borg,Hombre,12,2011
Margaret Court,Mujer,11,2011
Billie Jean King,Mujer,9,2011
Monica Seles,Mujer,9,2011
Steffi Graf,Mujer,22,2011
Chris Evert,Mujer,19,2011
Martina Navratilova,Mujer,18,2011
Roger Federer,Hombre,16,2011
Pete Sampras,Hombre,14,2011
Serena Williams,Mujer,13,2011
Björn Borg,Hombre,12,2011
Margaret Court,Mujer,11,2011
Rafael Nadal,Hombre,10,2011
Billie Jean King,Mujer,9,2011
Steffi Graf,Mujer,22,2011
Chris Evert,Mujer,19,2011
Martina Navratilova,Mujer,18,2011
Roger Federer,Hombre,16,2011
Pete Sampras,Hombre,14,2011
Serena Williams,Mujer,13,2011
Björn Borg,Hombre,12,2011
Margaret Court,Mujer,11,2011
Rafael Nadal,Hombre,10,2011
Billie Jean King,Mujer,9,2011
Steffi Graf,Mujer,22,2011
Chris Evert,Mujer,19,2011
Martina Navratilova,Mujer,18,2011
Roger Federer,Hombre,16,2011
Pete Sampras,Hombre,14,2011
Serena Williams,Mujer,13,2011
Björn Borg,Hombre,12,2011
Margaret Court,Mujer,11,2011
Rafael Nadal,Hombre,10,2011
Billie Jean King,Mujer,9,2011
Steffi Graf,Mujer,22,2012
Chris Evert,Mujer,19,2012
Martina Navratilova,Mujer,18,2012
Roger Federer,Hombre,16,2012
Pete Sampras,Hombre,14,2012
Serena Williams,Mujer,13,2012
Björn Borg,Hombre,12,2012
Margaret Court,Mujer,11,2012
Rafael Nadal,Hombre,10,2012
Billie Jean King,Mujer,9,2012
Steffi Graf,Mujer,22,2012
Chris Evert,Mujer,19,2012
Martina Navratilova,Mujer,18,2012
Roger Federer,Hombre,16,2012
Pete Sampras,Hombre,14,2012
Serena Williams,Mujer,13,2012
Björn Borg,Hombre,12,2012
Margaret Court,Mujer,11,2012
Rafael Nadal,Hombre,11,2012
Billie Jean King,Mujer,9,2012
Steffi Graf,Mujer,22,2012
Chris Evert,Mujer,19,2012
Martina Navratilova,Mujer,18,2012
Roger Federer,Hombre,17,2012
Pete Sampras,Hombre,14,2012
Serena Williams,Mujer,14,2012
Björn Borg,Hombre,12,2012
Margaret Court,Mujer,11,2012
Rafael Nadal,Hombre,11,2012
Billie Jean King,Mujer,9,2012
Steffi Graf,Mujer,22,2012
Chris Evert,Mujer,19,2012
Martina Navratilova,Mujer,18,2012
Roger Federer,Hombre,17,2012
Serena Williams,Mujer,15,2012
Pete Sampras,Hombre,14,2012
Björn Borg,Hombre,12,2012
Margaret Court,Mujer,11,2012
Rafael Nadal,Hombre,11,2012
Billie Jean King,Mujer,9,2012
Steffi Graf,Mujer,22,2013
Chris Evert,Mujer,19,2013
Martina Navratilova,Mujer,18,2013
Roger Federer,Hombre,17,2013
Serena Williams,Mujer,15,2013
Pete Sampras,Hombre,14,2013
Björn Borg,Hombre,12,2013
Margaret Court,Mujer,11,2013
Rafael Nadal,Hombre,11,2013
Billie Jean King,Mujer,9,2013
Steffi Graf,Mujer,22,2013
Chris Evert,Mujer,19,2013
Martina Navratilova,Mujer,18,2013
Roger Federer,Hombre,17,2013
Serena Williams,Mujer,16,2013
Pete Sampras,Hombre,14,2013
Björn Borg,Hombre,12,2013
Rafael Nadal,Hombre,12,2013
Margaret Court,Mujer,11,2013
Billie Jean King,Mujer,9,2013
Steffi Graf,Mujer,22,2013
Chris Evert,Mujer,19,2013
Martina Navratilova,Mujer,18,2013
Roger Federer,Hombre,17,2013
Serena Williams,Mujer,16,2013
Pete Sampras,Hombre,14,2013
Björn Borg,Hombre,12,2013
Rafael Nadal,Hombre,12,2013
Margaret Court,Mujer,11,2013
Billie Jean King,Mujer,9,2013
Steffi Graf,Mujer,22,2013
Chris Evert,Mujer,19,2013
Martina Navratilova,Mujer,18,2013
Roger Federer,Hombre,17,2013
Serena Williams,Mujer,17,2013
Pete Sampras,Hombre,14,2013
Rafael Nadal,Hombre,13,2013
Björn Borg,Hombre,12,2013
Margaret Court,Mujer,11,2013
Billie Jean King,Mujer,9,2013
Steffi Graf,Mujer,22,2014
Chris Evert,Mujer,19,2014
Martina Navratilova,Mujer,18,2014
Roger Federer,Hombre,17,2014
Serena Williams,Mujer,17,2014
Pete Sampras,Hombre,14,2014
Rafael Nadal,Hombre,13,2014
Björn Borg,Hombre,12,2014
Margaret Court,Mujer,11,2014
Billie Jean King,Mujer,9,2014
Steffi Graf,Mujer,22,2014
Chris Evert,Mujer,19,2014
Martina Navratilova,Mujer,18,2014
Roger Federer,Hombre,17,2014
Serena Williams,Mujer,17,2014
Pete Sampras,Hombre,14,2014
Rafael Nadal,Hombre,14,2014
Björn Borg,Hombre,12,2014
Margaret Court,Mujer,11,2014
Billie Jean King,Mujer,9,2014
Steffi Graf,Mujer,22,2014
Chris Evert,Mujer,19,2014
Martina Navratilova,Mujer,18,2014
Roger Federer,Hombre,17,2014
Serena Williams,Mujer,17,2014
Pete Sampras,Hombre,14,2014
Rafael Nadal,Hombre,14,2014
Björn Borg,Hombre,12,2014
Margaret Court,Mujer,11,2014
Billie Jean King,Mujer,9,2014
Steffi Graf,Mujer,22,2014
Chris Evert,Mujer,19,2014
Martina Navratilova,Mujer,18,2014
Serena Williams,Mujer,18,2014
Roger Federer,Hombre,17,2014
Pete Sampras,Hombre,14,2014
Rafael Nadal,Hombre,14,2014
Björn Borg,Hombre,12,2014
Margaret Court,Mujer,11,2014
Billie Jean King,Mujer,9,2014
Steffi Graf,Mujer,22,2015
Chris Evert,Mujer,19,2015
Serena Williams,Mujer,19,2015
Martina Navratilova,Mujer,18,2015
Roger Federer,Hombre,17,2015
Pete Sampras,Hombre,14,2015
Rafael Nadal,Hombre,14,2015
Björn Borg,Hombre,12,2015
Margaret Court,Mujer,11,2015
Billie Jean King,Mujer,9,2015
Steffi Graf,Mujer,22,2015
Serena Williams,Mujer,20,2015
Chris Evert,Mujer,19,2015
Martina Navratilova,Mujer,18,2015
Roger Federer,Hombre,17,2015
Pete Sampras,Hombre,14,2015
Rafael Nadal,Hombre,14,2015
Björn Borg,Hombre,12,2015
Margaret Court,Mujer,11,2015
Billie Jean King,Mujer,9,2015
Steffi Graf,Mujer,22,2015
Serena Williams,Mujer,21,2015
Chris Evert,Mujer,19,2015
Martina Navratilova,Mujer,18,2015
Roger Federer,Hombre,17,2015
Pete Sampras,Hombre,14,2015
Rafael Nadal,Hombre,14,2015
Björn Borg,Hombre,12,2015
Margaret Court,Mujer,11,2015
Billie Jean King,Mujer,9,2015
Steffi Graf,Mujer,22,2015
Serena Williams,Mujer,21,2015
Chris Evert,Mujer,19,2015
Martina Navratilova,Mujer,18,2015
Roger Federer,Hombre,17,2015
Pete Sampras,Hombre,14,2015
Rafael Nadal,Hombre,14,2015
Björn Borg,Hombre,12,2015
Margaret Court,Mujer,11,2015
Novak Djokovic,Hombre,10,2015
Steffi Graf,Mujer,22,2016
Serena Williams,Mujer,21,2016
Chris Evert,Mujer,19,2016
Martina Navratilova,Mujer,18,2016
Roger Federer,Hombre,17,2016
Pete Sampras,Hombre,14,2016
Rafael Nadal,Hombre,14,2016
Björn Borg,Hombre,12,2016
Margaret Court,Mujer,11,2016
Novak Djokovic,Hombre,11,2016
Steffi Graf,Mujer,22,2016
Serena Williams,Mujer,21,2016
Chris Evert,Mujer,19,2016
Martina Navratilova,Mujer,18,2016
Roger Federer,Hombre,17,2016
Pete Sampras,Hombre,14,2016
Rafael Nadal,Hombre,14,2016
Björn Borg,Hombre,12,2016
Novak Djokovic,Hombre,12,2016
Margaret Court,Mujer,11,2016
Steffi Graf,Mujer,22,2016
Serena Williams,Mujer,22,2016
Chris Evert,Mujer,19,2016
Martina Navratilova,Mujer,18,2016
Roger Federer,Hombre,17,2016
Pete Sampras,Hombre,14,2016
Rafael Nadal,Hombre,14,2016
Björn Borg,Hombre,12,2016
Novak Djokovic,Hombre,12,2016
Margaret Court,Mujer,11,2016
Steffi Graf,Mujer,22,2016
Serena Williams,Mujer,22,2016
Chris Evert,Mujer,19,2016
Martina Navratilova,Mujer,18,2016
Roger Federer,Hombre,17,2016
Pete Sampras,Hombre,14,2016
Rafael Nadal,Hombre,14,2016
Björn Borg,Hombre,12,2016
Novak Djokovic,Hombre,12,2016
Margaret Court,Mujer,11,2016
Serena Williams,Mujer,23,2017
Steffi Graf,Mujer,22,2017
Chris Evert,Mujer,19,2017
Martina Navratilova,Mujer,18,2017
Roger Federer,Hombre,18,2017
Pete Sampras,Hombre,14,2017
Rafael Nadal,Hombre,14,2017
Björn Borg,Hombre,12,2017
Novak Djokovic,Hombre,12,2017
Margaret Court,Mujer,11,2017
Serena Williams,Mujer,23,2017
Steffi Graf,Mujer,22,2017
Chris Evert,Mujer,19,2017
Martina Navratilova,Mujer,18,2017
Roger Federer,Hombre,18,2017
Rafael Nadal,Hombre,15,2017
Pete Sampras,Hombre,14,2017
Björn Borg,Hombre,12,2017
Novak Djokovic,Hombre,12,2017
Margaret Court,Mujer,11,2017
Serena Williams,Mujer,23,2017
Steffi Graf,Mujer,22,2017
Chris Evert,Mujer,19,2017
Roger Federer,Hombre,19,2017
Martina Navratilova,Mujer,18,2017
Rafael Nadal,Hombre,15,2017
Pete Sampras,Hombre,14,2017
Björn Borg,Hombre,12,2017
Novak Djokovic,Hombre,12,2017
Margaret Court,Mujer,11,2017
Serena Williams,Mujer,23,2017
Steffi Graf,Mujer,22,2017
Chris Evert,Mujer,19,2017
Roger Federer,Hombre,19,2017
Martina Navratilova,Mujer,18,2017
Rafael Nadal,Hombre,16,2017
Pete Sampras,Hombre,14,2017
Björn Borg,Hombre,12,2017
Novak Djokovic,Hombre,12,2017
Margaret Court,Mujer,11,2017
Serena Williams,Mujer,23,2018
Steffi Graf,Mujer,22,2018
Roger Federer,Hombre,20,2018
Chris Evert,Mujer,19,2018
Martina Navratilova,Mujer,18,2018
Rafael Nadal,Hombre,16,2018
Pete Sampras,Hombre,14,2018
Björn Borg,Hombre,12,2018
Novak Djokovic,Hombre,12,2018
Margaret Court,Mujer,11,2018
Serena Williams,Mujer,23,2018
Steffi Graf,Mujer,22,2018
Roger Federer,Hombre,20,2018
Chris Evert,Mujer,19,2018
Martina Navratilova,Mujer,18,2018
Rafael Nadal,Hombre,17,2018
Pete Sampras,Hombre,14,2018
Björn Borg,Hombre,12,2018
Novak Djokovic,Hombre,12,2018
Margaret Court,Mujer,11,2018
Serena Williams,Mujer,23,2018
Steffi Graf,Mujer,22,2018
Roger Federer,Hombre,20,2018
Chris Evert,Mujer,19,2018
Martina Navratilova,Mujer,18,2018
Rafael Nadal,Hombre,17,2018
Pete Sampras,Hombre,14,2018
Novak Djokovic,Hombre,13,2018
Björn Borg,Hombre,12,2018
Margaret Court,Mujer,11,2018
Serena Williams,Mujer,23,2018
Steffi Graf,Mujer,22,2018
Roger Federer,Hombre,20,2018
Chris Evert,Mujer,19,2018
Martina Navratilova,Mujer,18,2018
Rafael Nadal,Hombre,17,2018
Pete Sampras,Hombre,14,2018
Novak Djokovic,Hombre,14,2018
Björn Borg,Hombre,12,2018
Margaret Court,Mujer,11,2018
Serena Williams,Mujer,23,2019
Steffi Graf,Mujer,22,2019
Roger Federer,Hombre,20,2019
Chris Evert,Mujer,19,2019
Martina Navratilova,Mujer,18,2019
Rafael Nadal,Hombre,17,2019
Novak Djokovic,Hombre,15,2019
Pete Sampras,Hombre,14,2019
Björn Borg,Hombre,12,2019
Margaret Court,Mujer,11,2019
Serena Williams,Mujer,23,2019
Steffi Graf,Mujer,22,2019
Roger Federer,Hombre,20,2019
Chris Evert,Mujer,19,2019
Martina Navratilova,Mujer,18,2019
Rafael Nadal,Hombre,17,2019
Novak Djokovic,Hombre,15,2019
Pete Sampras,Hombre,14,2019
Björn Borg,Hombre,12,2019
Margaret Court,Mujer,11,2019
Serena Williams,Mujer,23,2019
Steffi Graf,Mujer,22,2019
Roger Federer,Hombre,20,2019
Chris Evert,Mujer,19,2019
Martina Navratilova,Mujer,18,2019
Rafael Nadal,Hombre,17,2019
Novak Djokovic,Hombre,15,2019
Pete Sampras,Hombre,14,2019
Björn Borg,Hombre,12,2019
Margaret Court,Mujer,11,2019
Serena Williams,Mujer,23,2019
Steffi Graf,Mujer,22,2019
Roger Federer,Hombre,20,2019
Chris Evert,Mujer,19,2019
Martina Navratilova,Mujer,18,2019
Rafael Nadal,Hombre,17,2019
Novak Djokovic,Hombre,15,2019
Pete Sampras,Hombre,14,2019
Björn Borg,Hombre,12,2019
Margaret Court,Mujer,11,2019
